ID_da_Rota;Nome_da_Rota;Tipo;Link_Google_Drive
caca-e-pesca;ENTRADA CAÇA E PESCA;entrada;https://drive.google.com/file/d/1yp0fluPc6SVDOANzQt3zxB4STy8DwZb7/view?usp=sharing
l-redonda-855;ENTRADA L REDONDA 855;entrada;https://drive.google.com/file/d/1yhZtKNK7HJ3hZou82KdIRC7IcZy3AWND/view?usp=sharing
abreulandia;ENTRADA ABREULÂNDIA;entrada;https://drive.google.com/file/d/1v-ixfY_3tepC_sz2RgQZ4zjzpxqboGb8/view?usp=drive_link
terra-e-mar;ENTRADA TERRA E MAR;entrada;https://drive.google.com/file/d/1uy_QWOCZmr8o5_PEyznhYjSOOpNJwAUj/view?usp=drive_link
lagoa;ENTRADA LAGOA;entrada;https://drive.google.com/file/d/1tIAC736o6WiqPLFtbJ9-rUSQ0BZ3qb0h/view?usp=drive_link
messejana;ENTRADA MESSEJANA;entrada;https://drive.google.com/file/d/1lO59KsRD4oFouVBskE93kyxfE38xQSrw/view?usp=drive_link
barro-duro;ENTRADA BARRO DURO;entrada;https://drive.google.com/file/d/1kG3qhukA19QNiasuKX4qJ9Vwi4WFbd1m/view?usp=drive_link
papicu-velho;ENTRADA PAPICU VELHO;entrada;https://drive.google.com/file/d/1k9dNtoL3IiOD8hPiN7V-YrVHadit-eYy/view?usp=drive_link
upa;ENTRADA UPA;entrada;https://drive.google.com/file/d/1jmB9l6hkPgjVheqp-LnejGLC0MmBRMNN/view?usp=drive_link
parangaba;ENTRADA PARANGABA;entrada;https://drive.google.com/file/d/1fH_C7FH0Qj0hr_FKu1qCQfTrGuyKTP5Q/view?usp=drive_link
faece;ENTRADA FAECE;entrada;https://drive.google.com/file/d/1d4jC9F5d0ywvWtCMFXHiGI35iUOZrttD/view?usp=drive_link
siqueira;ENTRADA SIQUEIRA;entrada;https://drive.google.com/file/d/1bSVHkn-PGENqTmFQNRYvXcfGbzXPbxpE/view?usp=drive_link
m-lisboa-626;ENTRADA M LISBOA 626;entrada;https://drive.google.com/file/d/1Z-IYnKGYRK8MJsG98Oi-FPdg63lD4X2N/view?usp=drive_link
ant-bezerra;ENTRADA ANT BEZERRA;entrada;https://drive.google.com/file/d/1WteTFmlU4_fh9Rx1cQNPyUgb_e92QRx0/view?usp=drive_link
fic;ENTRADA FIC;entrada;https://drive.google.com/file/d/1U4lwp_SRgfZy1h-SO72veMf1HP4T1nLo/view?usp=drive_link
papicu-novo;ENTRADA PAPICU NOVO;entrada;https://drive.google.com/file/d/1TXp77XIBbx00ZPgN9EvzBJq9fjp-n5d5/view?usp=drive_link
alvorada;ENTRADA ALVORADA;entrada;https://drive.google.com/file/d/1NIRDazPVhTEmJqYXoFMrQ1Crh88wf_ek/view?usp=drive_link
opaia;ENTRADA OPAIA;entrada;https://drive.google.com/file/d/1G8pubAGtBAQXCCfKWvepJERAZs-pB3Ur/view?usp=drive_link
mini-terminal;ENTRADA MINI TERMINAL W. SOARES;entrada;https://drive.google.com/file/d/1DuU4aKu3YmunrRzGkgvaG2omRokwL79K/view?usp=drive_link
cid-2000;ENTRADA CID 2000;entrada;https://drive.google.com/file/d/1B_yLaP4tTeL4F4k-dz7W-5AJbpNqMNsB/view?usp=drive_link
ed-queiroz;ENTRADA ED QUEIROZ;entrada;https://drive.google.com/file/d/17iodEmTbFmT1-1u7b8h4dv2IykwP9ra5/view?usp=drive_link
rio-mar-kennedy;ENTRADA RIO MAR KENNEDY;entrada;https://drive.google.com/file/d/14l36QrkA1cTkUJQLTWzAJK8RH0k4jalD/view?usp=drive_link
rec-barro-duro;RECOLHIMENTO BARRO DURO;recolhimento;https://drive.google.com/file/d/1zVqmHa3E0zSeMg5JqTLGFeqBsUPPUpJi/view?usp=drive_link
rec-lagoa-redonda-627;RECOLHIMENTO LAGOA REDONDA 627;recolhimento;https://drive.google.com/file/d/1rbb57iNm-lbxw__mr_p1DsT4Pdk4l2gb/view?usp=drive_link
rec-terra-e-mar-804;RECOLHIMENTO TERRA E MAR 804;recolhimento;https://drive.google.com/file/d/1p8pNZkdaHerGv3TAYDrPNE19OCAbKPQD/view?usp=drive_link
rec-faece;RECOLHIMENTO FAECE;recolhimento;https://drive.google.com/file/d/1l7QQuX8IXddaIptTueCSDD97upflDL-k/view?usp=drive_link
rec-opaia;RECOLHIMENTO OPAIA;recolhimento;https://drive.google.com/file/d/1ivsgQ5EAJx5fqXZIxJjK9sEPG9xdt-rG/view?usp=drive_link
rec-rio-mar-papicu;RECOLHIMENTO RIO MAR PAPICU;recolhimento;https://drive.google.com/file/d/1emcTUmlgHvqWLhrpzNAk1NczrRgy1pwJ/view?usp=drive_link
rec-abreulandia;RECOLHIMENTO ABREULÂNDIA;recolhimento;https://drive.google.com/file/d/1eJpw3d7wVCq8YvodyghCLbH7Eb5BZuIm/view?usp=drive_link
rec-ant-bezerra;RECOLHIMENTO ANT BEZERRA;recolhimento;https://drive.google.com/file/d/1dd1vd5Z3KWARATpmpNTL0hO9sCwSswAf/view?usp=drive_link
rec-cais-do-porto;RECOLHIMENTO CAIS DO PORTO;recolhimento;https://drive.google.com/file/d/1__TMMKN8ev-RLN4xy02IC_jugKv821f_/view?usp=drive_link
rec-parangaba;RECOLHIMENTO PARANGABA;recolhimento;https://drive.google.com/file/d/1Spu8Nd2x_7lDa9DHWsi26ukHKpyG5asr/view?usp=drive_link
rec-papicu-terminal-novo;RECOLHIMENTO PAPICU TERMINAL NOVO;recolhimento;https://drive.google.com/file/d/1Pnx36knQF7Dd-pIjHRqauRMNpg1KdOsB/view?usp=drive_link
rec-ed-queiroz;RECOLHIMENTO ED QUEIROZ;recolhimento;https://drive.google.com/file/d/1OzQ5Vx8Hv9wjz9CgKPwe4EyykzJlPcpW/view?usp=drive_link
rec-rio-mar-kennedy;RECOLHIMENTO RIO MAR KENNEDY;recolhimento;https://drive.google.com/file/d/1MjFyP9OUKlubi888FzYQwMi7QxTbmFRk/view?usp=drive_link
rec-messejana;RECOLHIMENTO MESSEJANA;recolhimento;https://drive.google.com/file/d/1HaqOmZCxuTfXPttF3CE3A4KOXUE_OrU8/view?usp=drive_link
rec-mini-terminal-w-soares;RECOLHIMENTO MINI TERMINAL W. SOARES;recolhimento;https://drive.google.com/file/d/1FGGwPYvO1-lt9a4i0nTSpV1Kq4kmA3Ch/view?usp=drive_link
rec-lagoa-redonda-855;RECOLHIMENTO LAGOA REDONDA 855;recolhimento;https://drive.google.com/file/d/1CdR3_Q22ESDqE_hv9CRGHhfcnfihSR_5/view?usp=drive_link
rec-papicu-terminal-velho;RECOLHIMENTO PAPICU TERMINAL VELHO;recolhimento;https://drive.google.com/file/d/1CAFRQqAGBN3OkA58K1s9U6imBnkDvneJ/view?usp=drive_link
rec-caca-e-pesca;RECOLHIMENTO CAÇA E PESCA;recolhimento;https://drive.google.com/file/d/19eTe5UdM6pWzkD0rV5mJVQBkh6dHvnDD/view?usp=drive_link
rec-alvorada;RECOLHIMENTO ALVORADA;recolhimento;https://drive.google.com/file/d/16gNY6tuoiRzhuKIGXYy6Hb4zpBDzdDgL/view?usp=drive_link
rec-siqueira;RECOLHIMENTO SIQUEIRA;recolhimento;https://drive.google.com/file/d/14YefHeYQ_4a7Ubxp1m7GaAyrFub8Uva_/view?usp=drive_link
rec-cid-2000;RECOLHIMENTO CID 2000;recolhimento;https://drive.google.com/file/d/1439oyAtsVNECYvC2Gd3dhn2-gFREYIio/view?usp=drive_link
rec-lagoa;RECOLHIMENTO LAGOA;recolhimento;https://drive.google.com/file/d/13IW1dXHOtayFC5FTE6tCRgfnZ7Nlsg1o/view?usp=drive_link
rec-upa-p-futuro;RECOLHIMENTO UPA P. FUTURO;recolhimento;https://drive.google.com/file/d/11orRLiavFxpGOa4Ymamu6uEjbxisIjPw/view?usp=drive_link
rec-fic;RECOLHIMENTO FIC;recolhimento;https://drive.google.com/file/d/1-nnvl63Nwsc4Lq7yguGHhEHnjX1qq3rz/view?usp=drive_link
